{
  "nodes": [
    {
      "op": "null", 
      "name": "data", 
      "inputs": []
    }, 
    {
      "op": "null", 
      "name": "resnetv10_conv0_weight", 
      "attrs": {
        "__dtype__": "0", 
        "__lr_mult__": "1.0", 
        "__shape__": "(64, 3, 7, 7)", 
        "__storage_type__": "0", 
        "__wd_mult__": "1.0"
      }, 
      "inputs": []
    }, 
    {
      "op": "Convolution", 
      "name": "resnetv10_conv0_fwd", 
      "attrs": {
        "dilate": "(1, 1)", 
        "kernel": "(7, 7)", 
        "layout": "NCHW", 
        "no_bias": "True", 
        "num_filter": "64", 
        "num_group": "1", 
        "pad": "(3, 3)", 
        "stride": "(2, 2)"
      }, 
      "inputs": [[0, 0, 0], [1, 0, 0]]
    }, 
    {
      "op": "null", 
      "name": "resnetv10_batchnorm0_gamma", 
      "attrs": {
        "__dtype__": "0", 
        "__init__": "ones", 
        "__lr_mult__": "1.0", 
        "__shape__": "(64,)", 
        "__storage_type__": "0", 
        "__wd_mult__": "1.0"
      }, 
      "inputs": []
    }, 
    {
      "op": "null", 
      "name": "resnetv10_batchnorm0_beta", 
      "attrs": {
        "__dtype__": "0", 
        "__init__": "zeros", 
        "__lr_mult__": "1.0", 
        "__shape__": "(64,)", 
        "__storage_type__": "0", 
        "__wd_mult__": "1.0"
      }, 
      "inputs": []
    }, 
    {
      "op": "null", 
      "name": "resnetv10_batchnorm0_running_mean", 
      "attrs": {
        "__dtype__": "0", 
        "__init__": "zeros", 
        "__lr_mult__": "1.0", 
        "__shape__": "(64,)", 
        "__storage_type__": "0", 
        "__wd_mult__": "1.0"
      }, 
      "inputs": []
    }, 
    {
      "op": "null", 
      "name": "resnetv10_batchnorm0_running_var", 
      "attrs": {
        "__dtype__": "0", 
        "__init__": "ones", 
        "__lr_mult__": "1.0", 
        "__shape__": "(64,)", 
        "__storage_type__": "0", 
        "__wd_mult__": "1.0"
      }, 
      "inputs": []
    }, 
    {
      "op": "BatchNorm", 
      "name": "resnetv10_batchnorm0_fwd", 
      "attrs": {
        "axis": "1", 
        "eps": "1e-05", 
        "fix_gamma": "False", 
        "momentum": "0.9", 
        "use_global_stats": "False"
      }, 
      "inputs": [[2, 0, 0], [3, 0, 0], [4, 0, 0], [5, 0, 1], [6, 0, 1]]
    }, 
    {
      "op": "Activation", 
      "name": "resnetv10_relu0_fwd", 
      "attrs": {"act_type": "relu"}, 
      "inputs": [[7, 0, 0]]
    }, 
    {
      "op": "Pooling", 
      "name": "resnetv10_pool0_fwd", 
      "attrs": {
        "global_pool": "False", 
        "kernel": "(3, 3)", 
        "layout": "NCHW", 
        "pad": "(1, 1)", 
        "pool_type": "max", 
        "pooling_convention": "valid", 
        "stride": "(2, 2)"
      }, 
      "inputs": [[8, 0, 0]]
    }, 
    {
      "op": "null", 
      "name": "resnetv10_stage1_conv0_weight", 
      "attrs": {
        "__dtype__": "0", 
        "__lr_mult__": "1.0", 
        "__shape__": "(64, 64, 3, 3)", 
        "__storage_type__": "0", 
        "__wd_mult__": "1.0"
      }, 
      "inputs": []
    }, 
    {
      "op": "Convolution", 
      "name": "resnetv10_stage1_conv0_fwd", 
      "attrs": {
        "dilate": "(1, 1)", 
        "kernel": "(3, 3)", 
        "layout": "NCHW", 
        "no_bias": "True", 
        "num_filter": "64", 
        "num_group": "1", 
        "pad": "(1, 1)", 
        "stride": "(1, 1)"
      }, 
      "inputs": [[9, 0, 0], [10, 0, 0]]
    }, 
    {
      "op": "null", 
      "name": "resnetv10_stage1_batchnorm0_gamma", 
      "attrs": {
        "__dtype__": "0", 
        "__init__": "ones", 
        "__lr_mult__": "1.0", 
        "__shape__": "(64,)", 
        "__storage_type__": "0", 
        "__wd_mult__": "1.0"
      }, 
      "inputs": []
    }, 
    {
      "op": "null", 
      "name": "resnetv10_stage1_batchnorm0_beta", 
      "attrs": {
        "__dtype__": "0", 
        "__init__": "zeros", 
        "__lr_mult__": "1.0", 
        "__shape__": "(64,)", 
        "__storage_type__": "0", 
        "__wd_mult__": "1.0"
      }, 
      "inputs": []
    }, 
    {
      "op": "null", 
      "name": "resnetv10_stage1_batchnorm0_running_mean", 
      "attrs": {
        "__dtype__": "0", 
        "__init__": "zeros", 
        "__lr_mult__": "1.0", 
        "__shape__": "(64,)", 
        "__storage_type__": "0", 
        "__wd_mult__": "1.0"
      }, 
      "inputs": []
    }, 
    {
      "op": "null", 
      "name": "resnetv10_stage1_batchnorm0_running_var", 
      "attrs": {
        "__dtype__": "0", 
        "__init__": "ones", 
        "__lr_mult__": "1.0", 
        "__shape__": "(64,)", 
        "__storage_type__": "0", 
        "__wd_mult__": "1.0"
      }, 
      "inputs": []
    }, 
    {
      "op": "BatchNorm", 
      "name": "resnetv10_stage1_batchnorm0_fwd", 
      "attrs": {
        "axis": "1", 
        "eps": "1e-05", 
        "fix_gamma": "False", 
        "momentum": "0.9", 
        "use_global_stats": "False"
      }, 
      "inputs": [[11, 0, 0], [12, 0, 0], [13, 0, 0], [14, 0, 1], [15, 0, 1]]
    }, 
    {
      "op": "Activation", 
      "name": "resnetv10_stage1_relu0_fwd", 
      "attrs": {"act_type": "relu"}, 
      "inputs": [[16, 0, 0]]
    }, 
    {
      "op": "null", 
      "name": "resnetv10_stage1_conv1_weight", 
      "attrs": {
        "__dtype__": "0", 
        "__lr_mult__": "1.0", 
        "__shape__": "(64, 64, 3, 3)", 
        "__storage_type__": "0", 
        "__wd_mult__": "1.0"
      }, 
      "inputs": []
    }, 
    {
      "op": "Convolution", 
      "name": "resnetv10_stage1_conv1_fwd", 
      "attrs": {
        "dilate": "(1, 1)", 
        "kernel": "(3, 3)", 
        "layout": "NCHW", 
        "no_bias": "True", 
        "num_filter": "64", 
        "num_group": "1", 
        "pad": "(1, 1)", 
        "stride": "(1, 1)"
      }, 
      "inputs": [[17, 0, 0], [18, 0, 0]]
    }, 
    {
      "op": "null", 
      "name": "resnetv10_stage1_batchnorm1_gamma", 
      "attrs": {
        "__dtype__": "0", 
        "__init__": "ones", 
        "__lr_mult__": "1.0", 
        "__shape__": "(64,)", 
        "__storage_type__": "0", 
        "__wd_mult__": "1.0"
      }, 
      "inputs": []
    }, 
    {
      "op": "null", 
      "name": "resnetv10_stage1_batchnorm1_beta", 
      "attrs": {
        "__dtype__": "0", 
        "__init__": "zeros", 
        "__lr_mult__": "1.0", 
        "__shape__": "(64,)", 
        "__storage_type__": "0", 
        "__wd_mult__": "1.0"
      }, 
      "inputs": []
    }, 
    {
      "op": "null", 
      "name": "resnetv10_stage1_batchnorm1_running_mean", 
      "attrs": {
        "__dtype__": "0", 
        "__init__": "zeros", 
        "__lr_mult__": "1.0", 
        "__shape__": "(64,)", 
        "__storage_type__": "0", 
        "__wd_mult__": "1.0"
      }, 
      "inputs": []
    }, 
    {
      "op": "null", 
      "name": "resnetv10_stage1_batchnorm1_running_var", 
      "attrs": {
        "__dtype__": "0", 
        "__init__": "ones", 
        "__lr_mult__": "1.0", 
        "__shape__": "(64,)", 
        "__storage_type__": "0", 
        "__wd_mult__": "1.0"
      }, 
      "inputs": []
    }, 
    {
      "op": "BatchNorm", 
      "name": "resnetv10_stage1_batchnorm1_fwd", 
      "attrs": {
        "axis": "1", 
        "eps": "1e-05", 
        "fix_gamma": "False", 
        "momentum": "0.9", 
        "use_global_stats": "False"
      }, 
      "inputs": [[19, 0, 0], [20, 0, 0], [21, 0, 0], [22, 0, 1], [23, 0, 1]]
    }, 
    {
      "op": "elemwise_add", 
      "name": "resnetv10_stage1__plus0", 
      "inputs": [[9, 0, 0], [24, 0, 0]]
    }, 
    {
      "op": "Activation", 
      "name": "resnetv10_stage1_activation0", 
      "attrs": {"act_type": "relu"}, 
      "inputs": [[25, 0, 0]]
    }, 
    {
      "op": "null", 
      "name": "resnetv10_stage1_conv2_weight", 
      "attrs": {
        "__dtype__": "0", 
        "__lr_mult__": "1.0", 
        "__shape__": "(64, 64, 3, 3)", 
        "__storage_type__": "0", 
        "__wd_mult__": "1.0"
      }, 
      "inputs": []
    }, 
    {
      "op": "Convolution", 
      "name": "resnetv10_stage1_conv2_fwd", 
      "attrs": {
        "dilate": "(1, 1)", 
        "kernel": "(3, 3)", 
        "layout": "NCHW", 
        "no_bias": "True", 
        "num_filter": "64", 
        "num_group": "1", 
        "pad": "(1, 1)", 
        "stride": "(1, 1)"
      }, 
      "inputs": [[26, 0, 0], [27, 0, 0]]
    }, 
    {
      "op": "null", 
      "name": "resnetv10_stage1_batchnorm2_gamma", 
      "attrs": {
        "__dtype__": "0", 
        "__init__": "ones", 
        "__lr_mult__": "1.0", 
        "__shape__": "(64,)", 
        "__storage_type__": "0", 
        "__wd_mult__": "1.0"
      }, 
      "inputs": []
    }, 
    {
      "op": "null", 
      "name": "resnetv10_stage1_batchnorm2_beta", 
      "attrs": {
        "__dtype__": "0", 
        "__init__": "zeros", 
        "__lr_mult__": "1.0", 
        "__shape__": "(64,)", 
        "__storage_type__": "0", 
        "__wd_mult__": "1.0"
      }, 
      "inputs": []
    }, 
    {
      "op": "null", 
      "name": "resnetv10_stage1_batchnorm2_running_mean", 
      "attrs": {
        "__dtype__": "0", 
        "__init__": "zeros", 
        "__lr_mult__": "1.0", 
        "__shape__": "(64,)", 
        "__storage_type__": "0", 
        "__wd_mult__": "1.0"
      }, 
      "inputs": []
    }, 
    {
      "op": "null", 
      "name": "resnetv10_stage1_batchnorm2_running_var", 
      "attrs": {
        "__dtype__": "0", 
        "__init__": "ones", 
        "__lr_mult__": "1.0", 
        "__shape__": "(64,)", 
        "__storage_type__": "0", 
        "__wd_mult__": "1.0"
      }, 
      "inputs": []
    }, 
    {
      "op": "BatchNorm", 
      "name": "resnetv10_stage1_batchnorm2_fwd", 
      "attrs": {
        "axis": "1", 
        "eps": "1e-05", 
        "fix_gamma": "False", 
        "momentum": "0.9", 
        "use_global_stats": "False"
      }, 
      "inputs": [[28, 0, 0], [29, 0, 0], [30, 0, 0], [31, 0, 1], [32, 0, 1]]
    }, 
    {
      "op": "Activation", 
      "name": "resnetv10_stage1_relu1_fwd", 
      "attrs": {"act_type": "relu"}, 
      "inputs": [[33, 0, 0]]
    }, 
    {
      "op": "null", 
      "name": "resnetv10_stage1_conv3_weight", 
      "attrs": {
        "__dtype__": "0", 
        "__lr_mult__": "1.0", 
        "__shape__": "(64, 64, 3, 3)", 
        "__storage_type__": "0", 
        "__wd_mult__": "1.0"
      }, 
      "inputs": []
    }, 
    {
      "op": "Convolution", 
      "name": "resnetv10_stage1_conv3_fwd", 
      "attrs": {
        "dilate": "(1, 1)", 
        "kernel": "(3, 3)", 
        "layout": "NCHW", 
        "no_bias": "True", 
        "num_filter": "64", 
        "num_group": "1", 
        "pad": "(1, 1)", 
        "stride": "(1, 1)"
      }, 
      "inputs": [[34, 0, 0], [35, 0, 0]]
    }, 
    {
      "op": "null", 
      "name": "resnetv10_stage1_batchnorm3_gamma", 
      "attrs": {
        "__dtype__": "0", 
        "__init__": "ones", 
        "__lr_mult__": "1.0", 
        "__shape__": "(64,)", 
        "__storage_type__": "0", 
        "__wd_mult__": "1.0"
      }, 
      "inputs": []
    }, 
    {
      "op": "null", 
      "name": "resnetv10_stage1_batchnorm3_beta", 
      "attrs": {
        "__dtype__": "0", 
        "__init__": "zeros", 
        "__lr_mult__": "1.0", 
        "__shape__": "(64,)", 
        "__storage_type__": "0", 
        "__wd_mult__": "1.0"
      }, 
      "inputs": []
    }, 
    {
      "op": "null", 
      "name": "resnetv10_stage1_batchnorm3_running_mean", 
      "attrs": {
        "__dtype__": "0", 
        "__init__": "zeros", 
        "__lr_mult__": "1.0", 
        "__shape__": "(64,)", 
        "__storage_type__": "0", 
        "__wd_mult__": "1.0"
      }, 
      "inputs": []
    }, 
    {
      "op": "null", 
      "name": "resnetv10_stage1_batchnorm3_running_var", 
      "attrs": {
        "__dtype__": "0", 
        "__init__": "ones", 
        "__lr_mult__": "1.0", 
        "__shape__": "(64,)", 
        "__storage_type__": "0", 
        "__wd_mult__": "1.0"
      }, 
      "inputs": []
    }, 
    {
      "op": "BatchNorm", 
      "name": "resnetv10_stage1_batchnorm3_fwd", 
      "attrs": {
        "axis": "1", 
        "eps": "1e-05", 
        "fix_gamma": "False", 
        "momentum": "0.9", 
        "use_global_stats": "False"
      }, 
      "inputs": [[36, 0, 0], [37, 0, 0], [38, 0, 0], [39, 0, 1], [40, 0, 1]]
    }, 
    {
      "op": "elemwise_add", 
      "name": "resnetv10_stage1__plus1", 
      "inputs": [[26, 0, 0], [41, 0, 0]]
    }, 
    {
      "op": "Activation", 
      "name": "resnetv10_stage1_activation1", 
      "attrs": {"act_type": "relu"}, 
      "inputs": [[42, 0, 0]]
    }, 
    {
      "op": "null", 
      "name": "resnetv10_stage2_conv2_weight", 
      "attrs": {
        "__dtype__": "0", 
        "__lr_mult__": "1.0", 
        "__shape__": "(128, 64, 1, 1)", 
        "__storage_type__": "0", 
        "__wd_mult__": "1.0"
      }, 
      "inputs": []
    }, 
    {
      "op": "Convolution", 
      "name": "resnetv10_stage2_conv2_fwd", 
      "attrs": {
        "dilate": "(1, 1)", 
        "kernel": "(1, 1)", 
        "layout": "NCHW", 
        "no_bias": "True", 
        "num_filter": "128", 
        "num_group": "1", 
        "pad": "(0, 0)", 
        "stride": "(2, 2)"
      }, 
      "inputs": [[43, 0, 0], [44, 0, 0]]
    }, 
    {
      "op": "null", 
      "name": "resnetv10_stage2_batchnorm2_gamma", 
      "attrs": {
        "__dtype__": "0", 
        "__init__": "ones", 
        "__lr_mult__": "1.0", 
        "__shape__": "(128,)", 
        "__storage_type__": "0", 
        "__wd_mult__": "1.0"
      }, 
      "inputs": []
    }, 
    {
      "op": "null", 
      "name": "resnetv10_stage2_batchnorm2_beta", 
      "attrs": {
        "__dtype__": "0", 
        "__init__": "zeros", 
        "__lr_mult__": "1.0", 
        "__shape__": "(128,)", 
        "__storage_type__": "0", 
        "__wd_mult__": "1.0"
      }, 
      "inputs": []
    }, 
    {
      "op": "null", 
      "name": "resnetv10_stage2_batchnorm2_running_mean", 
      "attrs": {
        "__dtype__": "0", 
        "__init__": "zeros", 
        "__lr_mult__": "1.0", 
        "__shape__": "(128,)", 
        "__storage_type__": "0", 
        "__wd_mult__": "1.0"
      }, 
      "inputs": []
    }, 
    {
      "op": "null", 
      "name": "resnetv10_stage2_batchnorm2_running_var", 
      "attrs": {
        "__dtype__": "0", 
        "__init__": "ones", 
        "__lr_mult__": "1.0", 
        "__shape__": "(128,)", 
        "__storage_type__": "0", 
        "__wd_mult__": "1.0"
      }, 
      "inputs": []
    }, 
    {
      "op": "BatchNorm", 
      "name": "resnetv10_stage2_batchnorm2_fwd", 
      "attrs": {
        "axis": "1", 
        "eps": "1e-05", 
        "fix_gamma": "False", 
        "momentum": "0.9", 
        "use_global_stats": "False"
      }, 
      "inputs": [[45, 0, 0], [46, 0, 0], [47, 0, 0], [48, 0, 1], [49, 0, 1]]
    }, 
    {
      "op": "null", 
      "name": "resnetv10_stage2_conv0_weight", 
      "attrs": {
        "__dtype__": "0", 
        "__lr_mult__": "1.0", 
        "__shape__": "(128, 64, 3, 3)", 
        "__storage_type__": "0", 
        "__wd_mult__": "1.0"
      }, 
      "inputs": []
    }, 
    {
      "op": "Convolution", 
      "name": "resnetv10_stage2_conv0_fwd", 
      "attrs": {
        "dilate": "(1, 1)", 
        "kernel": "(3, 3)", 
        "layout": "NCHW", 
        "no_bias": "True", 
        "num_filter": "128", 
        "num_group": "1", 
        "pad": "(1, 1)", 
        "stride": "(2, 2)"
      }, 
      "inputs": [[43, 0, 0], [51, 0, 0]]
    }, 
    {
      "op": "null", 
      "name": "resnetv10_stage2_batchnorm0_gamma", 
      "attrs": {
        "__dtype__": "0", 
        "__init__": "ones", 
        "__lr_mult__": "1.0", 
        "__shape__": "(128,)", 
        "__storage_type__": "0", 
        "__wd_mult__": "1.0"
      }, 
      "inputs": []
    }, 
    {
      "op": "null", 
      "name": "resnetv10_stage2_batchnorm0_beta", 
      "attrs": {
        "__dtype__": "0", 
        "__init__": "zeros", 
        "__lr_mult__": "1.0", 
        "__shape__": "(128,)", 
        "__storage_type__": "0", 
        "__wd_mult__": "1.0"
      }, 
      "inputs": []
    }, 
    {
      "op": "null", 
      "name": "resnetv10_stage2_batchnorm0_running_mean", 
      "attrs": {
        "__dtype__": "0", 
        "__init__": "zeros", 
        "__lr_mult__": "1.0", 
        "__shape__": "(128,)", 
        "__storage_type__": "0", 
        "__wd_mult__": "1.0"
      }, 
      "inputs": []
    }, 
    {
      "op": "null", 
      "name": "resnetv10_stage2_batchnorm0_running_var", 
      "attrs": {
        "__dtype__": "0", 
        "__init__": "ones", 
        "__lr_mult__": "1.0", 
        "__shape__": "(128,)", 
        "__storage_type__": "0", 
        "__wd_mult__": "1.0"
      }, 
      "inputs": []
    }, 
    {
      "op": "BatchNorm", 
      "name": "resnetv10_stage2_batchnorm0_fwd", 
      "attrs": {
        "axis": "1", 
        "eps": "1e-05", 
        "fix_gamma": "False", 
        "momentum": "0.9", 
        "use_global_stats": "False"
      }, 
      "inputs": [[52, 0, 0], [53, 0, 0], [54, 0, 0], [55, 0, 1], [56, 0, 1]]
    }, 
    {
      "op": "Activation", 
      "name": "resnetv10_stage2_relu0_fwd", 
      "attrs": {"act_type": "relu"}, 
      "inputs": [[57, 0, 0]]
    }, 
    {
      "op": "null", 
      "name": "resnetv10_stage2_conv1_weight", 
      "attrs": {
        "__dtype__": "0", 
        "__lr_mult__": "1.0", 
        "__shape__": "(128, 128, 3, 3)", 
        "__storage_type__": "0", 
        "__wd_mult__": "1.0"
      }, 
      "inputs": []
    }, 
    {
      "op": "Convolution", 
      "name": "resnetv10_stage2_conv1_fwd", 
      "attrs": {
        "dilate": "(1, 1)", 
        "kernel": "(3, 3)", 
        "layout": "NCHW", 
        "no_bias": "True", 
        "num_filter": "128", 
        "num_group": "1", 
        "pad": "(1, 1)", 
        "stride": "(1, 1)"
      }, 
      "inputs": [[58, 0, 0], [59, 0, 0]]
    }, 
    {
      "op": "null", 
      "name": "resnetv10_stage2_batchnorm1_gamma", 
      "attrs": {
        "__dtype__": "0", 
        "__init__": "ones", 
        "__lr_mult__": "1.0", 
        "__shape__": "(128,)", 
        "__storage_type__": "0", 
        "__wd_mult__": "1.0"
      }, 
      "inputs": []
    }, 
    {
      "op": "null", 
      "name": "resnetv10_stage2_batchnorm1_beta", 
      "attrs": {
        "__dtype__": "0", 
        "__init__": "zeros", 
        "__lr_mult__": "1.0", 
        "__shape__": "(128,)", 
        "__storage_type__": "0", 
        "__wd_mult__": "1.0"
      }, 
      "inputs": []
    }, 
    {
      "op": "null", 
      "name": "resnetv10_stage2_batchnorm1_running_mean", 
      "attrs": {
        "__dtype__": "0", 
        "__init__": "zeros", 
        "__lr_mult__": "1.0", 
        "__shape__": "(128,)", 
        "__storage_type__": "0", 
        "__wd_mult__": "1.0"
      }, 
      "inputs": []
    }, 
    {
      "op": "null", 
      "name": "resnetv10_stage2_batchnorm1_running_var", 
      "attrs": {
        "__dtype__": "0", 
        "__init__": "ones", 
        "__lr_mult__": "1.0", 
        "__shape__": "(128,)", 
        "__storage_type__": "0", 
        "__wd_mult__": "1.0"
      }, 
      "inputs": []
    }, 
    {
      "op": "BatchNorm", 
      "name": "resnetv10_stage2_batchnorm1_fwd", 
      "attrs": {
        "axis": "1", 
        "eps": "1e-05", 
        "fix_gamma": "False", 
        "momentum": "0.9", 
        "use_global_stats": "False"
      }, 
      "inputs": [[60, 0, 0], [61, 0, 0], [62, 0, 0], [63, 0, 1], [64, 0, 1]]
    }, 
    {
      "op": "elemwise_add", 
      "name": "resnetv10_stage2__plus0", 
      "inputs": [[50, 0, 0], [65, 0, 0]]
    }, 
    {
      "op": "Activation", 
      "name": "resnetv10_stage2_activation0", 
      "attrs": {"act_type": "relu"}, 
      "inputs": [[66, 0, 0]]
    }, 
    {
      "op": "null", 
      "name": "resnetv10_stage2_conv3_weight", 
      "attrs": {
        "__dtype__": "0", 
        "__lr_mult__": "1.0", 
        "__shape__": "(128, 128, 3, 3)", 
        "__storage_type__": "0", 
        "__wd_mult__": "1.0"
      }, 
      "inputs": []
    }, 
    {
      "op": "Convolution", 
      "name": "resnetv10_stage2_conv3_fwd", 
      "attrs": {
        "dilate": "(1, 1)", 
        "kernel": "(3, 3)", 
        "layout": "NCHW", 
        "no_bias": "True", 
        "num_filter": "128", 
        "num_group": "1", 
        "pad": "(1, 1)", 
        "stride": "(1, 1)"
      }, 
      "inputs": [[67, 0, 0], [68, 0, 0]]
    }, 
    {
      "op": "null", 
      "name": "resnetv10_stage2_batchnorm3_gamma", 
      "attrs": {
        "__dtype__": "0", 
        "__init__": "ones", 
        "__lr_mult__": "1.0", 
        "__shape__": "(128,)", 
        "__storage_type__": "0", 
        "__wd_mult__": "1.0"
      }, 
      "inputs": []
    }, 
    {
      "op": "null", 
      "name": "resnetv10_stage2_batchnorm3_beta", 
      "attrs": {
        "__dtype__": "0", 
        "__init__": "zeros", 
        "__lr_mult__": "1.0", 
        "__shape__": "(128,)", 
        "__storage_type__": "0", 
        "__wd_mult__": "1.0"
      }, 
      "inputs": []
    }, 
    {
      "op": "null", 
      "name": "resnetv10_stage2_batchnorm3_running_mean", 
      "attrs": {
        "__dtype__": "0", 
        "__init__": "zeros", 
        "__lr_mult__": "1.0", 
        "__shape__": "(128,)", 
        "__storage_type__": "0", 
        "__wd_mult__": "1.0"
      }, 
      "inputs": []
    }, 
    {
      "op": "null", 
      "name": "resnetv10_stage2_batchnorm3_running_var", 
      "attrs": {
        "__dtype__": "0", 
        "__init__": "ones", 
        "__lr_mult__": "1.0", 
        "__shape__": "(128,)", 
        "__storage_type__": "0", 
        "__wd_mult__": "1.0"
      }, 
      "inputs": []
    }, 
    {
      "op": "BatchNorm", 
      "name": "resnetv10_stage2_batchnorm3_fwd", 
      "attrs": {
        "axis": "1", 
        "eps": "1e-05", 
        "fix_gamma": "False", 
        "momentum": "0.9", 
        "use_global_stats": "False"
      }, 
      "inputs": [[69, 0, 0], [70, 0, 0], [71, 0, 0], [72, 0, 1], [73, 0, 1]]
    }, 
    {
      "op": "Activation", 
      "name": "resnetv10_stage2_relu1_fwd", 
      "attrs": {"act_type": "relu"}, 
      "inputs": [[74, 0, 0]]
    }, 
    {
      "op": "null", 
      "name": "resnetv10_stage2_conv4_weight", 
      "attrs": {
        "__dtype__": "0", 
        "__lr_mult__": "1.0", 
        "__shape__": "(128, 128, 3, 3)", 
        "__storage_type__": "0", 
        "__wd_mult__": "1.0"
      }, 
      "inputs": []
    }, 
    {
      "op": "Convolution", 
      "name": "resnetv10_stage2_conv4_fwd", 
      "attrs": {
        "dilate": "(1, 1)", 
        "kernel": "(3, 3)", 
        "layout": "NCHW", 
        "no_bias": "True", 
        "num_filter": "128", 
        "num_group": "1", 
        "pad": "(1, 1)", 
        "stride": "(1, 1)"
      }, 
      "inputs": [[75, 0, 0], [76, 0, 0]]
    }, 
    {
      "op": "null", 
      "name": "resnetv10_stage2_batchnorm4_gamma", 
      "attrs": {
        "__dtype__": "0", 
        "__init__": "ones", 
        "__lr_mult__": "1.0", 
        "__shape__": "(128,)", 
        "__storage_type__": "0", 
        "__wd_mult__": "1.0"
      }, 
      "inputs": []
    }, 
    {
      "op": "null", 
      "name": "resnetv10_stage2_batchnorm4_beta", 
      "attrs": {
        "__dtype__": "0", 
        "__init__": "zeros", 
        "__lr_mult__": "1.0", 
        "__shape__": "(128,)", 
        "__storage_type__": "0", 
        "__wd_mult__": "1.0"
      }, 
      "inputs": []
    }, 
    {
      "op": "null", 
      "name": "resnetv10_stage2_batchnorm4_running_mean", 
      "attrs": {
        "__dtype__": "0", 
        "__init__": "zeros", 
        "__lr_mult__": "1.0", 
        "__shape__": "(128,)", 
        "__storage_type__": "0", 
        "__wd_mult__": "1.0"
      }, 
      "inputs": []
    }, 
    {
      "op": "null", 
      "name": "resnetv10_stage2_batchnorm4_running_var", 
      "attrs": {
        "__dtype__": "0", 
        "__init__": "ones", 
        "__lr_mult__": "1.0", 
        "__shape__": "(128,)", 
        "__storage_type__": "0", 
        "__wd_mult__": "1.0"
      }, 
      "inputs": []
    }, 
    {
      "op": "BatchNorm", 
      "name": "resnetv10_stage2_batchnorm4_fwd", 
      "attrs": {
        "axis": "1", 
        "eps": "1e-05", 
        "fix_gamma": "False", 
        "momentum": "0.9", 
        "use_global_stats": "False"
      }, 
      "inputs": [[77, 0, 0], [78, 0, 0], [79, 0, 0], [80, 0, 1], [81, 0, 1]]
    }, 
    {
      "op": "elemwise_add", 
      "name": "resnetv10_stage2__plus1", 
      "inputs": [[67, 0, 0], [82, 0, 0]]
    }, 
    {
      "op": "Activation", 
      "name": "resnetv10_stage2_activation1", 
      "attrs": {"act_type": "relu"}, 
      "inputs": [[83, 0, 0]]
    }, 
    {
      "op": "null", 
      "name": "resnetv10_stage3_conv2_weight", 
      "attrs": {
        "__dtype__": "0", 
        "__lr_mult__": "1.0", 
        "__shape__": "(256, 128, 1, 1)", 
        "__storage_type__": "0", 
        "__wd_mult__": "1.0"
      }, 
      "inputs": []
    }, 
    {
      "op": "Convolution", 
      "name": "resnetv10_stage3_conv2_fwd", 
      "attrs": {
        "dilate": "(1, 1)", 
        "kernel": "(1, 1)", 
        "layout": "NCHW", 
        "no_bias": "True", 
        "num_filter": "256", 
        "num_group": "1", 
        "pad": "(0, 0)", 
        "stride": "(2, 2)"
      }, 
      "inputs": [[84, 0, 0], [85, 0, 0]]
    }, 
    {
      "op": "null", 
      "name": "resnetv10_stage3_batchnorm2_gamma", 
      "attrs": {
        "__dtype__": "0", 
        "__init__": "ones", 
        "__lr_mult__": "1.0", 
        "__shape__": "(256,)", 
        "__storage_type__": "0", 
        "__wd_mult__": "1.0"
      }, 
      "inputs": []
    }, 
    {
      "op": "null", 
      "name": "resnetv10_stage3_batchnorm2_beta", 
      "attrs": {
        "__dtype__": "0", 
        "__init__": "zeros", 
        "__lr_mult__": "1.0", 
        "__shape__": "(256,)", 
        "__storage_type__": "0", 
        "__wd_mult__": "1.0"
      }, 
      "inputs": []
    }, 
    {
      "op": "null", 
      "name": "resnetv10_stage3_batchnorm2_running_mean", 
      "attrs": {
        "__dtype__": "0", 
        "__init__": "zeros", 
        "__lr_mult__": "1.0", 
        "__shape__": "(256,)", 
        "__storage_type__": "0", 
        "__wd_mult__": "1.0"
      }, 
      "inputs": []
    }, 
    {
      "op": "null", 
      "name": "resnetv10_stage3_batchnorm2_running_var", 
      "attrs": {
        "__dtype__": "0", 
        "__init__": "ones", 
        "__lr_mult__": "1.0", 
        "__shape__": "(256,)", 
        "__storage_type__": "0", 
        "__wd_mult__": "1.0"
      }, 
      "inputs": []
    }, 
    {
      "op": "BatchNorm", 
      "name": "resnetv10_stage3_batchnorm2_fwd", 
      "attrs": {
        "axis": "1", 
        "eps": "1e-05", 
        "fix_gamma": "False", 
        "momentum": "0.9", 
        "use_global_stats": "False"
      }, 
      "inputs": [[86, 0, 0], [87, 0, 0], [88, 0, 0], [89, 0, 1], [90, 0, 1]]
    }, 
    {
      "op": "null", 
      "name": "resnetv10_stage3_conv0_weight", 
      "attrs": {
        "__dtype__": "0", 
        "__lr_mult__": "1.0", 
        "__shape__": "(256, 128, 3, 3)", 
        "__storage_type__": "0", 
        "__wd_mult__": "1.0"
      }, 
      "inputs": []
    }, 
    {
      "op": "Convolution", 
      "name": "resnetv10_stage3_conv0_fwd", 
      "attrs": {
        "dilate": "(1, 1)", 
        "kernel": "(3, 3)", 
        "layout": "NCHW", 
        "no_bias": "True", 
        "num_filter": "256", 
        "num_group": "1", 
        "pad": "(1, 1)", 
        "stride": "(2, 2)"
      }, 
      "inputs": [[84, 0, 0], [92, 0, 0]]
    }, 
    {
      "op": "null", 
      "name": "resnetv10_stage3_batchnorm0_gamma", 
      "attrs": {
        "__dtype__": "0", 
        "__init__": "ones", 
        "__lr_mult__": "1.0", 
        "__shape__": "(256,)", 
        "__storage_type__": "0", 
        "__wd_mult__": "1.0"
      }, 
      "inputs": []
    }, 
    {
      "op": "null", 
      "name": "resnetv10_stage3_batchnorm0_beta", 
      "attrs": {
        "__dtype__": "0", 
        "__init__": "zeros", 
        "__lr_mult__": "1.0", 
        "__shape__": "(256,)", 
        "__storage_type__": "0", 
        "__wd_mult__": "1.0"
      }, 
      "inputs": []
    }, 
    {
      "op": "null", 
      "name": "resnetv10_stage3_batchnorm0_running_mean", 
      "attrs": {
        "__dtype__": "0", 
        "__init__": "zeros", 
        "__lr_mult__": "1.0", 
        "__shape__": "(256,)", 
        "__storage_type__": "0", 
        "__wd_mult__": "1.0"
      }, 
      "inputs": []
    }, 
    {
      "op": "null", 
      "name": "resnetv10_stage3_batchnorm0_running_var", 
      "attrs": {
        "__dtype__": "0", 
        "__init__": "ones", 
        "__lr_mult__": "1.0", 
        "__shape__": "(256,)", 
        "__storage_type__": "0", 
        "__wd_mult__": "1.0"
      }, 
      "inputs": []
    }, 
    {
      "op": "BatchNorm", 
      "name": "resnetv10_stage3_batchnorm0_fwd", 
      "attrs": {
        "axis": "1", 
        "eps": "1e-05", 
        "fix_gamma": "False", 
        "momentum": "0.9", 
        "use_global_stats": "False"
      }, 
      "inputs": [[93, 0, 0], [94, 0, 0], [95, 0, 0], [96, 0, 1], [97, 0, 1]]
    }, 
    {
      "op": "Activation", 
      "name": "resnetv10_stage3_relu0_fwd", 
      "attrs": {"act_type": "relu"}, 
      "inputs": [[98, 0, 0]]
    }, 
    {
      "op": "null", 
      "name": "resnetv10_stage3_conv1_weight", 
      "attrs": {
        "__dtype__": "0", 
        "__lr_mult__": "1.0", 
        "__shape__": "(256, 256, 3, 3)", 
        "__storage_type__": "0", 
        "__wd_mult__": "1.0"
      }, 
      "inputs": []
    }, 
    {
      "op": "Convolution", 
      "name": "resnetv10_stage3_conv1_fwd", 
      "attrs": {
        "dilate": "(1, 1)", 
        "kernel": "(3, 3)", 
        "layout": "NCHW", 
        "no_bias": "True", 
        "num_filter": "256", 
        "num_group": "1", 
        "pad": "(1, 1)", 
        "stride": "(1, 1)"
      }, 
      "inputs": [[99, 0, 0], [100, 0, 0]]
    }, 
    {
      "op": "null", 
      "name": "resnetv10_stage3_batchnorm1_gamma", 
      "attrs": {
        "__dtype__": "0", 
        "__init__": "ones", 
        "__lr_mult__": "1.0", 
        "__shape__": "(256,)", 
        "__storage_type__": "0", 
        "__wd_mult__": "1.0"
      }, 
      "inputs": []
    }, 
    {
      "op": "null", 
      "name": "resnetv10_stage3_batchnorm1_beta", 
      "attrs": {
        "__dtype__": "0", 
        "__init__": "zeros", 
        "__lr_mult__": "1.0", 
        "__shape__": "(256,)", 
        "__storage_type__": "0", 
        "__wd_mult__": "1.0"
      }, 
      "inputs": []
    }, 
    {
      "op": "null", 
      "name": "resnetv10_stage3_batchnorm1_running_mean", 
      "attrs": {
        "__dtype__": "0", 
        "__init__": "zeros", 
        "__lr_mult__": "1.0", 
        "__shape__": "(256,)", 
        "__storage_type__": "0", 
        "__wd_mult__": "1.0"
      }, 
      "inputs": []
    }, 
    {
      "op": "null", 
      "name": "resnetv10_stage3_batchnorm1_running_var", 
      "attrs": {
        "__dtype__": "0", 
        "__init__": "ones", 
        "__lr_mult__": "1.0", 
        "__shape__": "(256,)", 
        "__storage_type__": "0", 
        "__wd_mult__": "1.0"
      }, 
      "inputs": []
    }, 
    {
      "op": "BatchNorm", 
      "name": "resnetv10_stage3_batchnorm1_fwd", 
      "attrs": {
        "axis": "1", 
        "eps": "1e-05", 
        "fix_gamma": "False", 
        "momentum": "0.9", 
        "use_global_stats": "False"
      }, 
      "inputs": [[101, 0, 0], [102, 0, 0], [103, 0, 0], [104, 0, 1], [105, 0, 1]]
    }, 
    {
      "op": "elemwise_add", 
      "name": "resnetv10_stage3__plus0", 
      "inputs": [[91, 0, 0], [106, 0, 0]]
    }, 
    {
      "op": "Activation", 
      "name": "resnetv10_stage3_activation0", 
      "attrs": {"act_type": "relu"}, 
      "inputs": [[107, 0, 0]]
    }, 
    {
      "op": "null", 
      "name": "resnetv10_stage3_conv3_weight", 
      "attrs": {
        "__dtype__": "0", 
        "__lr_mult__": "1.0", 
        "__shape__": "(256, 256, 3, 3)", 
        "__storage_type__": "0", 
        "__wd_mult__": "1.0"
      }, 
      "inputs": []
    }, 
    {
      "op": "Convolution", 
      "name": "resnetv10_stage3_conv3_fwd", 
      "attrs": {
        "dilate": "(1, 1)", 
        "kernel": "(3, 3)", 
        "layout": "NCHW", 
        "no_bias": "True", 
        "num_filter": "256", 
        "num_group": "1", 
        "pad": "(1, 1)", 
        "stride": "(1, 1)"
      }, 
      "inputs": [[108, 0, 0], [109, 0, 0]]
    }, 
    {
      "op": "null", 
      "name": "resnetv10_stage3_batchnorm3_gamma", 
      "attrs": {
        "__dtype__": "0", 
        "__init__": "ones", 
        "__lr_mult__": "1.0", 
        "__shape__": "(256,)", 
        "__storage_type__": "0", 
        "__wd_mult__": "1.0"
      }, 
      "inputs": []
    }, 
    {
      "op": "null", 
      "name": "resnetv10_stage3_batchnorm3_beta", 
      "attrs": {
        "__dtype__": "0", 
        "__init__": "zeros", 
        "__lr_mult__": "1.0", 
        "__shape__": "(256,)", 
        "__storage_type__": "0", 
        "__wd_mult__": "1.0"
      }, 
      "inputs": []
    }, 
    {
      "op": "null", 
      "name": "resnetv10_stage3_batchnorm3_running_mean", 
      "attrs": {
        "__dtype__": "0", 
        "__init__": "zeros", 
        "__lr_mult__": "1.0", 
        "__shape__": "(256,)", 
        "__storage_type__": "0", 
        "__wd_mult__": "1.0"
      }, 
      "inputs": []
    }, 
    {
      "op": "null", 
      "name": "resnetv10_stage3_batchnorm3_running_var", 
      "attrs": {
        "__dtype__": "0", 
        "__init__": "ones", 
        "__lr_mult__": "1.0", 
        "__shape__": "(256,)", 
        "__storage_type__": "0", 
        "__wd_mult__": "1.0"
      }, 
      "inputs": []
    }, 
    {
      "op": "BatchNorm", 
      "name": "resnetv10_stage3_batchnorm3_fwd", 
      "attrs": {
        "axis": "1", 
        "eps": "1e-05", 
        "fix_gamma": "False", 
        "momentum": "0.9", 
        "use_global_stats": "False"
      }, 
      "inputs": [[110, 0, 0], [111, 0, 0], [112, 0, 0], [113, 0, 1], [114, 0, 1]]
    }, 
    {
      "op": "Activation", 
      "name": "resnetv10_stage3_relu1_fwd", 
      "attrs": {"act_type": "relu"}, 
      "inputs": [[115, 0, 0]]
    }, 
    {
      "op": "null", 
      "name": "resnetv10_stage3_conv4_weight", 
      "attrs": {
        "__dtype__": "0", 
        "__lr_mult__": "1.0", 
        "__shape__": "(256, 256, 3, 3)", 
        "__storage_type__": "0", 
        "__wd_mult__": "1.0"
      }, 
      "inputs": []
    }, 
    {
      "op": "Convolution", 
      "name": "resnetv10_stage3_conv4_fwd", 
      "attrs": {
        "dilate": "(1, 1)", 
        "kernel": "(3, 3)", 
        "layout": "NCHW", 
        "no_bias": "True", 
        "num_filter": "256", 
        "num_group": "1", 
        "pad": "(1, 1)", 
        "stride": "(1, 1)"
      }, 
      "inputs": [[116, 0, 0], [117, 0, 0]]
    }, 
    {
      "op": "null", 
      "name": "resnetv10_stage3_batchnorm4_gamma", 
      "attrs": {
        "__dtype__": "0", 
        "__init__": "ones", 
        "__lr_mult__": "1.0", 
        "__shape__": "(256,)", 
        "__storage_type__": "0", 
        "__wd_mult__": "1.0"
      }, 
      "inputs": []
    }, 
    {
      "op": "null", 
      "name": "resnetv10_stage3_batchnorm4_beta", 
      "attrs": {
        "__dtype__": "0", 
        "__init__": "zeros", 
        "__lr_mult__": "1.0", 
        "__shape__": "(256,)", 
        "__storage_type__": "0", 
        "__wd_mult__": "1.0"
      }, 
      "inputs": []
    }, 
    {
      "op": "null", 
      "name": "resnetv10_stage3_batchnorm4_running_mean", 
      "attrs": {
        "__dtype__": "0", 
        "__init__": "zeros", 
        "__lr_mult__": "1.0", 
        "__shape__": "(256,)", 
        "__storage_type__": "0", 
        "__wd_mult__": "1.0"
      }, 
      "inputs": []
    }, 
    {
      "op": "null", 
      "name": "resnetv10_stage3_batchnorm4_running_var", 
      "attrs": {
        "__dtype__": "0", 
        "__init__": "ones", 
        "__lr_mult__": "1.0", 
        "__shape__": "(256,)", 
        "__storage_type__": "0", 
        "__wd_mult__": "1.0"
      }, 
      "inputs": []
    }, 
    {
      "op": "BatchNorm", 
      "name": "resnetv10_stage3_batchnorm4_fwd", 
      "attrs": {
        "axis": "1", 
        "eps": "1e-05", 
        "fix_gamma": "False", 
        "momentum": "0.9", 
        "use_global_stats": "False"
      }, 
      "inputs": [[118, 0, 0], [119, 0, 0], [120, 0, 0], [121, 0, 1], [122, 0, 1]]
    }, 
    {
      "op": "elemwise_add", 
      "name": "resnetv10_stage3__plus1", 
      "inputs": [[108, 0, 0], [123, 0, 0]]
    }, 
    {
      "op": "Activation", 
      "name": "resnetv10_stage3_activation1", 
      "attrs": {"act_type": "relu"}, 
      "inputs": [[124, 0, 0]]
    }, 
    {
      "op": "null", 
      "name": "resnetv10_stage4_conv2_weight", 
      "attrs": {
        "__dtype__": "0", 
        "__lr_mult__": "1.0", 
        "__shape__": "(512, 256, 1, 1)", 
        "__storage_type__": "0", 
        "__wd_mult__": "1.0"
      }, 
      "inputs": []
    }, 
    {
      "op": "Convolution", 
      "name": "resnetv10_stage4_conv2_fwd", 
      "attrs": {
        "dilate": "(1, 1)", 
        "kernel": "(1, 1)", 
        "layout": "NCHW", 
        "no_bias": "True", 
        "num_filter": "512", 
        "num_group": "1", 
        "pad": "(0, 0)", 
        "stride": "(2, 2)"
      }, 
      "inputs": [[125, 0, 0], [126, 0, 0]]
    }, 
    {
      "op": "null", 
      "name": "resnetv10_stage4_batchnorm2_gamma", 
      "attrs": {
        "__dtype__": "0", 
        "__init__": "ones", 
        "__lr_mult__": "1.0", 
        "__shape__": "(512,)", 
        "__storage_type__": "0", 
        "__wd_mult__": "1.0"
      }, 
      "inputs": []
    }, 
    {
      "op": "null", 
      "name": "resnetv10_stage4_batchnorm2_beta", 
      "attrs": {
        "__dtype__": "0", 
        "__init__": "zeros", 
        "__lr_mult__": "1.0", 
        "__shape__": "(512,)", 
        "__storage_type__": "0", 
        "__wd_mult__": "1.0"
      }, 
      "inputs": []
    }, 
    {
      "op": "null", 
      "name": "resnetv10_stage4_batchnorm2_running_mean", 
      "attrs": {
        "__dtype__": "0", 
        "__init__": "zeros", 
        "__lr_mult__": "1.0", 
        "__shape__": "(512,)", 
        "__storage_type__": "0", 
        "__wd_mult__": "1.0"
      }, 
      "inputs": []
    }, 
    {
      "op": "null", 
      "name": "resnetv10_stage4_batchnorm2_running_var", 
      "attrs": {
        "__dtype__": "0", 
        "__init__": "ones", 
        "__lr_mult__": "1.0", 
        "__shape__": "(512,)", 
        "__storage_type__": "0", 
        "__wd_mult__": "1.0"
      }, 
      "inputs": []
    }, 
    {
      "op": "BatchNorm", 
      "name": "resnetv10_stage4_batchnorm2_fwd", 
      "attrs": {
        "axis": "1", 
        "eps": "1e-05", 
        "fix_gamma": "False", 
        "momentum": "0.9", 
        "use_global_stats": "False"
      }, 
      "inputs": [[127, 0, 0], [128, 0, 0], [129, 0, 0], [130, 0, 1], [131, 0, 1]]
    }, 
    {
      "op": "null", 
      "name": "resnetv10_stage4_conv0_weight", 
      "attrs": {
        "__dtype__": "0", 
        "__lr_mult__": "1.0", 
        "__shape__": "(512, 256, 3, 3)", 
        "__storage_type__": "0", 
        "__wd_mult__": "1.0"
      }, 
      "inputs": []
    }, 
    {
      "op": "Convolution", 
      "name": "resnetv10_stage4_conv0_fwd", 
      "attrs": {
        "dilate": "(1, 1)", 
        "kernel": "(3, 3)", 
        "layout": "NCHW", 
        "no_bias": "True", 
        "num_filter": "512", 
        "num_group": "1", 
        "pad": "(1, 1)", 
        "stride": "(2, 2)"
      }, 
      "inputs": [[125, 0, 0], [133, 0, 0]]
    }, 
    {
      "op": "null", 
      "name": "resnetv10_stage4_batchnorm0_gamma", 
      "attrs": {
        "__dtype__": "0", 
        "__init__": "ones", 
        "__lr_mult__": "1.0", 
        "__shape__": "(512,)", 
        "__storage_type__": "0", 
        "__wd_mult__": "1.0"
      }, 
      "inputs": []
    }, 
    {
      "op": "null", 
      "name": "resnetv10_stage4_batchnorm0_beta", 
      "attrs": {
        "__dtype__": "0", 
        "__init__": "zeros", 
        "__lr_mult__": "1.0", 
        "__shape__": "(512,)", 
        "__storage_type__": "0", 
        "__wd_mult__": "1.0"
      }, 
      "inputs": []
    }, 
    {
      "op": "null", 
      "name": "resnetv10_stage4_batchnorm0_running_mean", 
      "attrs": {
        "__dtype__": "0", 
        "__init__": "zeros", 
        "__lr_mult__": "1.0", 
        "__shape__": "(512,)", 
        "__storage_type__": "0", 
        "__wd_mult__": "1.0"
      }, 
      "inputs": []
    }, 
    {
      "op": "null", 
      "name": "resnetv10_stage4_batchnorm0_running_var", 
      "attrs": {
        "__dtype__": "0", 
        "__init__": "ones", 
        "__lr_mult__": "1.0", 
        "__shape__": "(512,)", 
        "__storage_type__": "0", 
        "__wd_mult__": "1.0"
      }, 
      "inputs": []
    }, 
    {
      "op": "BatchNorm", 
      "name": "resnetv10_stage4_batchnorm0_fwd", 
      "attrs": {
        "axis": "1", 
        "eps": "1e-05", 
        "fix_gamma": "False", 
        "momentum": "0.9", 
        "use_global_stats": "False"
      }, 
      "inputs": [[134, 0, 0], [135, 0, 0], [136, 0, 0], [137, 0, 1], [138, 0, 1]]
    }, 
    {
      "op": "Activation", 
      "name": "resnetv10_stage4_relu0_fwd", 
      "attrs": {"act_type": "relu"}, 
      "inputs": [[139, 0, 0]]
    }, 
    {
      "op": "null", 
      "name": "resnetv10_stage4_conv1_weight", 
      "attrs": {
        "__dtype__": "0", 
        "__lr_mult__": "1.0", 
        "__shape__": "(512, 512, 3, 3)", 
        "__storage_type__": "0", 
        "__wd_mult__": "1.0"
      }, 
      "inputs": []
    }, 
    {
      "op": "Convolution", 
      "name": "resnetv10_stage4_conv1_fwd", 
      "attrs": {
        "dilate": "(1, 1)", 
        "kernel": "(3, 3)", 
        "layout": "NCHW", 
        "no_bias": "True", 
        "num_filter": "512", 
        "num_group": "1", 
        "pad": "(1, 1)", 
        "stride": "(1, 1)"
      }, 
      "inputs": [[140, 0, 0], [141, 0, 0]]
    }, 
    {
      "op": "null", 
      "name": "resnetv10_stage4_batchnorm1_gamma", 
      "attrs": {
        "__dtype__": "0", 
        "__init__": "ones", 
        "__lr_mult__": "1.0", 
        "__shape__": "(512,)", 
        "__storage_type__": "0", 
        "__wd_mult__": "1.0"
      }, 
      "inputs": []
    }, 
    {
      "op": "null", 
      "name": "resnetv10_stage4_batchnorm1_beta", 
      "attrs": {
        "__dtype__": "0", 
        "__init__": "zeros", 
        "__lr_mult__": "1.0", 
        "__shape__": "(512,)", 
        "__storage_type__": "0", 
        "__wd_mult__": "1.0"
      }, 
      "inputs": []
    }, 
    {
      "op": "null", 
      "name": "resnetv10_stage4_batchnorm1_running_mean", 
      "attrs": {
        "__dtype__": "0", 
        "__init__": "zeros", 
        "__lr_mult__": "1.0", 
        "__shape__": "(512,)", 
        "__storage_type__": "0", 
        "__wd_mult__": "1.0"
      }, 
      "inputs": []
    }, 
    {
      "op": "null", 
      "name": "resnetv10_stage4_batchnorm1_running_var", 
      "attrs": {
        "__dtype__": "0", 
        "__init__": "ones", 
        "__lr_mult__": "1.0", 
        "__shape__": "(512,)", 
        "__storage_type__": "0", 
        "__wd_mult__": "1.0"
      }, 
      "inputs": []
    }, 
    {
      "op": "BatchNorm", 
      "name": "resnetv10_stage4_batchnorm1_fwd", 
      "attrs": {
        "axis": "1", 
        "eps": "1e-05", 
        "fix_gamma": "False", 
        "momentum": "0.9", 
        "use_global_stats": "False"
      }, 
      "inputs": [[142, 0, 0], [143, 0, 0], [144, 0, 0], [145, 0, 1], [146, 0, 1]]
    }, 
    {
      "op": "elemwise_add", 
      "name": "resnetv10_stage4__plus0", 
      "inputs": [[132, 0, 0], [147, 0, 0]]
    }, 
    {
      "op": "Activation", 
      "name": "resnetv10_stage4_activation0", 
      "attrs": {"act_type": "relu"}, 
      "inputs": [[148, 0, 0]]
    }, 
    {
      "op": "null", 
      "name": "resnetv10_stage4_conv3_weight", 
      "attrs": {
        "__dtype__": "0", 
        "__lr_mult__": "1.0", 
        "__shape__": "(512, 512, 3, 3)", 
        "__storage_type__": "0", 
        "__wd_mult__": "1.0"
      }, 
      "inputs": []
    }, 
    {
      "op": "Convolution", 
      "name": "resnetv10_stage4_conv3_fwd", 
      "attrs": {
        "dilate": "(1, 1)", 
        "kernel": "(3, 3)", 
        "layout": "NCHW", 
        "no_bias": "True", 
        "num_filter": "512", 
        "num_group": "1", 
        "pad": "(1, 1)", 
        "stride": "(1, 1)"
      }, 
      "inputs": [[149, 0, 0], [150, 0, 0]]
    }, 
    {
      "op": "null", 
      "name": "resnetv10_stage4_batchnorm3_gamma", 
      "attrs": {
        "__dtype__": "0", 
        "__init__": "ones", 
        "__lr_mult__": "1.0", 
        "__shape__": "(512,)", 
        "__storage_type__": "0", 
        "__wd_mult__": "1.0"
      }, 
      "inputs": []
    }, 
    {
      "op": "null", 
      "name": "resnetv10_stage4_batchnorm3_beta", 
      "attrs": {
        "__dtype__": "0", 
        "__init__": "zeros", 
        "__lr_mult__": "1.0", 
        "__shape__": "(512,)", 
        "__storage_type__": "0", 
        "__wd_mult__": "1.0"
      }, 
      "inputs": []
    }, 
    {
      "op": "null", 
      "name": "resnetv10_stage4_batchnorm3_running_mean", 
      "attrs": {
        "__dtype__": "0", 
        "__init__": "zeros", 
        "__lr_mult__": "1.0", 
        "__shape__": "(512,)", 
        "__storage_type__": "0", 
        "__wd_mult__": "1.0"
      }, 
      "inputs": []
    }, 
    {
      "op": "null", 
      "name": "resnetv10_stage4_batchnorm3_running_var", 
      "attrs": {
        "__dtype__": "0", 
        "__init__": "ones", 
        "__lr_mult__": "1.0", 
        "__shape__": "(512,)", 
        "__storage_type__": "0", 
        "__wd_mult__": "1.0"
      }, 
      "inputs": []
    }, 
    {
      "op": "BatchNorm", 
      "name": "resnetv10_stage4_batchnorm3_fwd", 
      "attrs": {
        "axis": "1", 
        "eps": "1e-05", 
        "fix_gamma": "False", 
        "momentum": "0.9", 
        "use_global_stats": "False"
      }, 
      "inputs": [[151, 0, 0], [152, 0, 0], [153, 0, 0], [154, 0, 1], [155, 0, 1]]
    }, 
    {
      "op": "Activation", 
      "name": "resnetv10_stage4_relu1_fwd", 
      "attrs": {"act_type": "relu"}, 
      "inputs": [[156, 0, 0]]
    }, 
    {
      "op": "null", 
      "name": "resnetv10_stage4_conv4_weight", 
      "attrs": {
        "__dtype__": "0", 
        "__lr_mult__": "1.0", 
        "__shape__": "(512, 512, 3, 3)", 
        "__storage_type__": "0", 
        "__wd_mult__": "1.0"
      }, 
      "inputs": []
    }, 
    {
      "op": "Convolution", 
      "name": "resnetv10_stage4_conv4_fwd", 
      "attrs": {
        "dilate": "(1, 1)", 
        "kernel": "(3, 3)", 
        "layout": "NCHW", 
        "no_bias": "True", 
        "num_filter": "512", 
        "num_group": "1", 
        "pad": "(1, 1)", 
        "stride": "(1, 1)"
      }, 
      "inputs": [[157, 0, 0], [158, 0, 0]]
    }, 
    {
      "op": "null", 
      "name": "resnetv10_stage4_batchnorm4_gamma", 
      "attrs": {
        "__dtype__": "0", 
        "__init__": "ones", 
        "__lr_mult__": "1.0", 
        "__shape__": "(512,)", 
        "__storage_type__": "0", 
        "__wd_mult__": "1.0"
      }, 
      "inputs": []
    }, 
    {
      "op": "null", 
      "name": "resnetv10_stage4_batchnorm4_beta", 
      "attrs": {
        "__dtype__": "0", 
        "__init__": "zeros", 
        "__lr_mult__": "1.0", 
        "__shape__": "(512,)", 
        "__storage_type__": "0", 
        "__wd_mult__": "1.0"
      }, 
      "inputs": []
    }, 
    {
      "op": "null", 
      "name": "resnetv10_stage4_batchnorm4_running_mean", 
      "attrs": {
        "__dtype__": "0", 
        "__init__": "zeros", 
        "__lr_mult__": "1.0", 
        "__shape__": "(512,)", 
        "__storage_type__": "0", 
        "__wd_mult__": "1.0"
      }, 
      "inputs": []
    }, 
    {
      "op": "null", 
      "name": "resnetv10_stage4_batchnorm4_running_var", 
      "attrs": {
        "__dtype__": "0", 
        "__init__": "ones", 
        "__lr_mult__": "1.0", 
        "__shape__": "(512,)", 
        "__storage_type__": "0", 
        "__wd_mult__": "1.0"
      }, 
      "inputs": []
    }, 
    {
      "op": "BatchNorm", 
      "name": "resnetv10_stage4_batchnorm4_fwd", 
      "attrs": {
        "axis": "1", 
        "eps": "1e-05", 
        "fix_gamma": "False", 
        "momentum": "0.9", 
        "use_global_stats": "False"
      }, 
      "inputs": [[159, 0, 0], [160, 0, 0], [161, 0, 0], [162, 0, 1], [163, 0, 1]]
    }, 
    {
      "op": "elemwise_add", 
      "name": "resnetv10_stage4__plus1", 
      "inputs": [[149, 0, 0], [164, 0, 0]]
    }, 
    {
      "op": "Activation", 
      "name": "resnetv10_stage4_activation1", 
      "attrs": {"act_type": "relu"}, 
      "inputs": [[165, 0, 0]]
    }, 
    {
      "op": "Pooling", 
      "name": "resnetv10_pool1_fwd", 
      "attrs": {
        "global_pool": "True", 
        "kernel": "(1, 1)", 
        "layout": "NCHW", 
        "pad": "(0, 0)", 
        "pool_type": "avg", 
        "pooling_convention": "full", 
        "stride": "(1, 1)"
      }, 
      "inputs": [[166, 0, 0]]
    }, 
    {
      "op": "null", 
      "name": "resnetv10_dense1_weight", 
      "attrs": {
        "__dtype__": "0", 
        "__lr_mult__": "1.0", 
        "__shape__": "(2, 0)", 
        "__storage_type__": "0", 
        "__wd_mult__": "1.0"
      }, 
      "inputs": []
    }, 
    {
      "op": "null", 
      "name": "resnetv10_dense1_bias", 
      "attrs": {
        "__dtype__": "0", 
        "__init__": "zeros", 
        "__lr_mult__": "1.0", 
        "__shape__": "(2,)", 
        "__storage_type__": "0", 
        "__wd_mult__": "1.0"
      }, 
      "inputs": []
    }, 
    {
      "op": "FullyConnected", 
      "name": "resnetv10_dense1_fwd", 
      "attrs": {
        "flatten": "True", 
        "no_bias": "False", 
        "num_hidden": "2"
      }, 
      "inputs": [[167, 0, 0], [168, 0, 0], [169, 0, 0]]
    }
  ], 
  "arg_nodes": [
    0, 
    1, 
    3, 
    4, 
    5, 
    6, 
    10, 
    12, 
    13, 
    14, 
    15, 
    18, 
    20, 
    21, 
    22, 
    23, 
    27, 
    29, 
    30, 
    31, 
    32, 
    35, 
    37, 
    38, 
    39, 
    40, 
    44, 
    46, 
    47, 
    48, 
    49, 
    51, 
    53, 
    54, 
    55, 
    56, 
    59, 
    61, 
    62, 
    63, 
    64, 
    68, 
    70, 
    71, 
    72, 
    73, 
    76, 
    78, 
    79, 
    80, 
    81, 
    85, 
    87, 
    88, 
    89, 
    90, 
    92, 
    94, 
    95, 
    96, 
    97, 
    100, 
    102, 
    103, 
    104, 
    105, 
    109, 
    111, 
    112, 
    113, 
    114, 
    117, 
    119, 
    120, 
    121, 
    122, 
    126, 
    128, 
    129, 
    130, 
    131, 
    133, 
    135, 
    136, 
    137, 
    138, 
    141, 
    143, 
    144, 
    145, 
    146, 
    150, 
    152, 
    153, 
    154, 
    155, 
    158, 
    160, 
    161, 
    162, 
    163, 
    168, 
    169
  ], 
  "node_row_ptr": [
    0, 
    1, 
    2, 
    3, 
    4, 
    5, 
    6, 
    7, 
    10, 
    11, 
    13, 
    14, 
    15, 
    16, 
    17, 
    18, 
    19, 
    22, 
    23, 
    24, 
    25, 
    26, 
    27, 
    28, 
    29, 
    32, 
    33, 
    34, 
    35, 
    36, 
    37, 
    38, 
    39, 
    40, 
    43, 
    44, 
    45, 
    46, 
    47, 
    48, 
    49, 
    50, 
    53, 
    54, 
    55, 
    56, 
    57, 
    58, 
    59, 
    60, 
    61, 
    64, 
    65, 
    66, 
    67, 
    68, 
    69, 
    70, 
    73, 
    74, 
    75, 
    76, 
    77, 
    78, 
    79, 
    80, 
    83, 
    84, 
    85, 
    86, 
    87, 
    88, 
    89, 
    90, 
    91, 
    94, 
    95, 
    96, 
    97, 
    98, 
    99, 
    100, 
    101, 
    104, 
    105, 
    106, 
    107, 
    108, 
    109, 
    110, 
    111, 
    112, 
    115, 
    116, 
    117, 
    118, 
    119, 
    120, 
    121, 
    124, 
    125, 
    126, 
    127, 
    128, 
    129, 
    130, 
    131, 
    134, 
    135, 
    136, 
    137, 
    138, 
    139, 
    140, 
    141, 
    142, 
    145, 
    146, 
    147, 
    148, 
    149, 
    150, 
    151, 
    152, 
    155, 
    156, 
    157, 
    158, 
    159, 
    160, 
    161, 
    162, 
    163, 
    166, 
    167, 
    168, 
    169, 
    170, 
    171, 
    172, 
    175, 
    176, 
    177, 
    178, 
    179, 
    180, 
    181, 
    182, 
    185, 
    186, 
    187, 
    188, 
    189, 
    190, 
    191, 
    192, 
    193, 
    196, 
    197, 
    198, 
    199, 
    200, 
    201, 
    202, 
    203, 
    206, 
    207, 
    208, 
    209, 
    210, 
    211, 
    212
  ], 
  "heads": [[170, 0, 0]], 
  "attrs": {"mxnet_version": ["int", 10600]}
}